epoch,loss
1,1.84065
2,1.82309
3,1.80333
4,1.78369
5,1.76418
6,1.74481
7,1.72558
8,1.70649
9,1.68756
10,1.66877
